"flu_type","ngs_sekvens_resultat","nc_ha_subclade","ha_cluster_defining_mutations"
"A","A/H1N1","A","HA1:129D; HA1:185I"
"A","A/H1N1","B","HA1:129D; HA1:185I; HA1:187A; HA1:189E"
"A","A/H1N1","C","HA1:129D; HA1:185I; HA1:156K; HA1:161I"
"A","A/H1N1","C.1","HA1:129D; HA1:185I; HA1:156K; HA1:161I; HA1:54Q; HA1:186T; HA1:189E; HA1:308R"
"A","A/H1N1","C.1.1","HA1:129D; HA1:185I; HA1:156K; HA1:161I; HA1:54Q; HA1:186T; HA1:189E; HA1:308R; HA1:137S; HA1:142R"
"A","A/H1N1","C.1.2","HA1:129D; HA1:185I; HA1:156K; HA1:161I; HA1:54Q; HA1:186T; HA1:189E; HA1:308R; HA1:48P"
"A","A/H1N1","C.1.3","HA1:129D; HA1:185I; HA1:156K; HA1:161I; HA1:54Q; HA1:186T; HA1:189E; HA1:308R; HA1:73T; HA1:141E"
"A","A/H1N1","C.1.4","HA1:129D; HA1:185I; HA1:156K; HA1:161I; HA1:54Q; HA1:186T; HA1:189E; HA1:308R; HA1:85P; HA1:94N; HA1:321I"
"A","A/H1N1","C.1.5","HA1:129D; HA1:185I; HA1:156K; HA1:161I; HA1:54Q; HA1:186T; HA1:189E; HA1:308R; HA1:185V; nuc:863G"
"A","A/H1N1","C.1.6","HA1:129D; HA1:185I; HA1:156K; HA1:161I; HA1:54Q; HA1:186T; HA1:189E; HA1:308R; HA1:70I; HA1:169R; HA1:211Q"
"A","A/H1N1","C.1.7","HA1:129D; HA1:185I; HA1:156K; HA1:161I; HA1:54Q; HA1:186T; HA1:189E; HA1:308R; HA2:206V; HA1:94N; nuc:905G"
"A","A/H1N1","C.1.7.1","HA1:129D; HA1:185I; HA1:156K; HA1:161I; HA1:54Q; HA1:186T; HA1:189E; HA1:308R; HA2:206V; HA1:94N; nuc:905G; HA1:152I; SigPep:8M"
"A","A/H1N1","C.1.7.2","HA1:129D; HA1:185I; HA1:156K; HA1:161I; HA1:54Q; HA1:186T; HA1:189E; HA1:308R; HA2:206V; HA1:94N; nuc:905G; HA1:142R; SigPep:8I"
"A","A/H1N1","C.1.8","HA1:129D; HA1:185I; HA1:156K; HA1:161I; HA1:54Q; HA1:186T; HA1:189E; HA1:308R; HA1:120A; HA1:47I; nuc:992G"
"A","A/H1N1","C.1.9","HA1:129D; HA1:185I; HA1:156K; HA1:161I; HA1:54Q; HA1:186T; HA1:189E; HA1:308R; HA1:120A; HA1:169Q; nuc:992G"
"A","A/H1N1","C.1.9.1","HA1:129D; HA1:185I; HA1:156K; HA1:161I; HA1:54Q; HA1:186T; HA1:189E; HA1:308R; HA1:120A; HA1:169Q; nuc:992G; HA1:137S; nuc:1673T; nuc:959C"
"A","A/H1N1","C.1.9.2","HA1:129D; HA1:185I; HA1:156K; HA1:161I; HA1:54Q; HA1:186T; HA1:189E; HA1:308R; HA1:120A; HA1:169Q; nuc:992G; HA1:38D; HA2:153R"
"A","A/H1N1","C.1.9.3","HA1:129D; HA1:185I; HA1:156K; HA1:161I; HA1:54Q; HA1:186T; HA1:189E; HA1:308R; HA1:120A; HA1:169Q; nuc:992G; HA1:83P; HA2:183T"
"A","A/H1N1","C.1.9.4","HA1:129D; HA1:185I; HA1:156K; HA1:161I; HA1:54Q; HA1:186T; HA1:189E; HA1:308R; HA1:120A; HA1:169Q; nuc:992G; HA1:54K; HA1:86N; HA1:125D; HA1:149V"
"A","A/H1N1","D","HA1:129D; HA1:185I; HA1:156K; HA1:161I; HA1:54Q; HA1:186T; HA1:189E; HA1:308R; HA1:137S; HA1:142R; HA1:216A"
"A","A/H1N1","D.1","HA1:129D; HA1:185I; HA1:156K; HA1:161I; HA1:54Q; HA1:186T; HA1:189E; HA1:308R; HA1:137S; HA1:142R; HA1:216A; HA1:45K; nuc:1688A"
"A","A/H1N1","D.2","HA1:129D; HA1:185I; HA1:156K; HA1:161I; HA1:54Q; HA1:186T; HA1:189E; HA1:308R; HA1:137S; HA1:142R; HA1:216A; HA1:113K; HA2:100I"
"A","A/H1N1","D.3","HA1:129D; HA1:185I; HA1:156K; HA1:161I; HA1:54Q; HA1:186T; HA1:189E; HA1:308R; HA1:137S; HA1:142R; HA1:216A; HA1:120A; HA2:45V"
"A","A/H1N1","D.3.1","HA1:129D; HA1:185I; HA1:156K; HA1:161I; HA1:54Q; HA1:186T; HA1:189E; HA1:308R; HA1:137S; HA1:142R; HA1:216A; HA1:120A; HA2:45V; HA2:193A; HA2:133T"
"A","A/H1N1","D.3.1.1","HA1:129D; HA1:185I; HA1:156K; HA1:161I; HA1:54Q; HA1:186T; HA1:189E; HA1:308R; HA1:137S; HA1:142R; HA1:216A; HA1:120A; HA2:45V; HA2:193A; HA2:133T; HA1:113K; HA1:139D; HA1:283K; HA1:302E"
"A","A/H1N1","D.4","HA1:129D; HA1:185I; HA1:156K; HA1:161I; HA1:54Q; HA1:186T; HA1:189E; HA1:308R; HA1:137S; HA1:142R; HA1:216A; HA1:120A; nuc:344T"
"A","A/H1N1","D.5","HA1:129D; HA1:185I; HA1:156K; HA1:161I; HA1:54Q; HA1:186T; HA1:189E; HA1:308R; HA1:137S; HA1:142R; HA1:216A; HA1:45K; nuc:1688T"
"A","A/H3N2","A","HA1:45N; HA1:48I; nuc:473T"
"A","A/H3N2","A.2","HA1:45N; HA1:48I; nuc:473T; HA2:160N; nuc:710A; nuc:1535G"
"A","A/H3N2","A.3","HA1:45N; HA1:48I; nuc:473T; HA1:128A; HA1:142G; nuc:1313A"
"A","A/H3N2","A.3.2","HA1:45N; HA1:48I; nuc:473T; HA1:128A; HA1:142G; nuc:1313A; HA1:62K; HA1:83R; HA1:261Q; HA2:18K"
"A","A/H3N2","B","HA1:45N; HA1:48I; nuc:473T; HA2:160N; nuc:710A; nuc:1535G; HA1:3I; HA1:144S; HA1:159Y; HA1:160T; nuc:1277A"
"A","A/H3N2","B.1","HA1:45N; HA1:48I; nuc:473T; HA2:160N; nuc:710A; nuc:1535G; HA1:3I; HA1:144S; HA1:159Y; HA1:160T; nuc:1277A; HA1:121K; HA1:171K; HA2:77V; HA2:155E"
"A","A/H3N2","B.1.1","HA1:45N; HA1:48I; nuc:473T; HA2:160N; nuc:710A; nuc:1535G; HA1:3I; HA1:144S; HA1:159Y; HA1:160T; nuc:1277A; HA1:121K; HA1:171K; HA2:77V; HA2:155E; HA1:135K; HA2:150E; nuc:489A"
"A","A/H3N2","B.1.2","HA1:45N; HA1:48I; nuc:473T; HA2:160N; nuc:710A; nuc:1535G; HA1:3I; HA1:144S; HA1:159Y; HA1:160T; nuc:1277A; HA1:121K; HA1:171K; HA2:77V; HA2:155E; HA1:62G; HA1:142G; HA1:311Q"
"A","A/H3N2","B.1.2.1","HA1:45N; HA1:48I; nuc:473T; HA2:160N; nuc:710A; nuc:1535G; HA1:3I; HA1:144S; HA1:159Y; HA1:160T; nuc:1277A; HA1:121K; HA1:171K; HA2:77V; HA2:155E; HA1:62G; HA1:142G; HA1:311Q; HA1:135K"
"A","A/H3N2","B.1.2.1.1","HA1:45N; HA1:48I; nuc:473T; HA2:160N; nuc:710A; nuc:1535G; HA1:3I; HA1:144S; HA1:159Y; HA1:160T; nuc:1277A; HA1:121K; HA1:171K; HA2:77V; HA2:155E; HA1:62G; HA1:142G; HA1:311Q; HA1:135K; HA1:128A; HA1:138S; HA1:186D; HA1:190N"
"A","A/H3N2","B.2","HA1:45N; HA1:48I; nuc:473T; HA2:160N; nuc:710A; nuc:1535G; HA1:3I; HA1:144S; HA1:159Y; HA1:160T; nuc:1277A; HA1:131K; HA1:142K; HA1:261Q"
"A","A/H3N2","B.3","HA1:45N; HA1:48I; nuc:473T; HA2:160N; nuc:710A; nuc:1535G; HA1:3I; HA1:144S; HA1:159Y; HA1:160T; nuc:1277A; HA1:121K; HA1:144K"
"A","A/H3N2","B.4","HA1:45N; HA1:48I; nuc:473T; HA2:160N; nuc:710A; nuc:1535G; HA1:3I; HA1:144S; HA1:159Y; HA1:160T; nuc:1277A; HA1:31S; HA1:53N; HA1:144R; HA1:171K; HA1:192T; HA1:197H"
"A","A/H3N2","C","HA1:45N; HA1:48I; nuc:473T; HA1:128A; HA1:142G; nuc:1313A; HA1:138S; HA1:159S; HA1:225D; HA1:326R"
"A","A/H3N2","C.1","HA1:45N; HA1:48I; nuc:473T; HA1:128A; HA1:142G; nuc:1313A; HA1:138S; HA1:159S; HA1:225D; HA1:326R; HA1:3I; HA1:91N; HA1:144K; HA1:193S; HA2:149M"
"A","A/H3N2","D","HA1:45N; HA1:48I; nuc:473T; HA2:160N; nuc:710A; nuc:1535G; HA1:3I; HA1:144S; HA1:159Y; HA1:160T; nuc:1277A; HA1:121K; HA1:171K; HA2:77V; HA2:155E; HA1:62G; HA1:142G; HA1:311Q; HA1:135K; HA1:128A; HA1:137F; HA1:138S; HA1:193S"
"A","A/H3N2","E","HA1:45N; HA1:48I; nuc:473T; HA2:160N; nuc:710A; nuc:1535G; HA1:3I; HA1:144S; HA1:159Y; HA1:160T; nuc:1277A; HA1:121K; HA1:171K; HA2:77V; HA2:155E; HA1:62G; HA1:142G; HA1:311Q; HA1:131K; HA2:200I"
"A","A/H3N2","E.1","HA1:45N; HA1:48I; nuc:473T; HA2:160N; nuc:710A; nuc:1535G; HA1:3I; HA1:144S; HA1:159Y; HA1:160T; nuc:1277A; HA1:121K; HA1:171K; HA2:77V; HA2:155E; HA1:62G; HA1:142G; HA1:311Q; HA1:131K; HA2:200I; HA1:83E; HA1:94N; HA2:193M"
"A","A/H3N2","E.2","HA1:45N; HA1:48I; nuc:473T; HA2:160N; nuc:710A; nuc:1535G; HA1:3I; HA1:144S; HA1:159Y; HA1:160T; nuc:1277A; HA1:121K; HA1:171K; HA2:77V; HA2:155E; HA1:62G; HA1:142G; HA1:311Q; HA1:131K; HA2:200I; HA1:197R; HA1:219F; HA2:18M; HA2:155G"
"A","A/H3N2","F","HA1:45N; HA1:48I; nuc:473T; HA2:160N; nuc:710A; nuc:1535G; HA1:3I; HA1:144S; HA1:159Y; HA1:160T; nuc:1277A; HA1:121K; HA1:171K; HA2:77V; HA2:155E; HA1:62G; HA1:142G; HA1:311Q; HA1:131K; HA2:200I; HA1:83E; HA1:94N; HA2:193M; HA1:186S; HA1:193S; HA1:195F; HA1:198P"
"A","A/H3N2","F.1","HA1:45N; HA1:48I; nuc:473T; HA2:160N; nuc:710A; nuc:1535G; HA1:3I; HA1:144S; HA1:159Y; HA1:160T; nuc:1277A; HA1:121K; HA1:171K; HA2:77V; HA2:155E; HA1:62G; HA1:142G; HA1:311Q; HA1:131K; HA2:200I; HA1:83E; HA1:94N; HA2:193M; HA1:186S; HA1:193S; HA1:195F; HA1:198P; HA1:171N"
"A","A/H3N2","F.1.1","HA1:45N; HA1:48I; nuc:473T; HA2:160N; nuc:710A; nuc:1535G; HA1:3I; HA1:144S; HA1:159Y; HA1:160T; nuc:1277A; HA1:121K; HA1:171K; HA2:77V; HA2:155E; HA1:62G; HA1:142G; HA1:311Q; HA1:131K; HA2:200I; HA1:83E; HA1:94N; HA2:193M; HA1:186S; HA1:193S; HA1:195F; HA1:198P; HA1:171N; HA1:48T"
"A","A/H3N2","G","HA1:45N; HA1:48I; nuc:473T; HA2:160N; nuc:710A; nuc:1535G; HA1:3I; HA1:144S; HA1:159Y; HA1:160T; nuc:1277A; HA1:121K; HA1:171K; HA2:77V; HA2:155E; HA1:62G; HA1:142G; HA1:311Q; HA1:131K; HA2:200I; HA1:83E; HA1:94N; HA2:193M; HA1:159N; HA1:160I; HA1:164Q; HA1:186D; HA1:190N; HA1:193S; HA1:195F"
"A","A/H3N2","G.1","HA1:45N; HA1:48I; nuc:473T; HA2:160N; nuc:710A; nuc:1535G; HA1:3I; HA1:144S; HA1:159Y; HA1:160T; nuc:1277A; HA1:121K; HA1:171K; HA2:77V; HA2:155E; HA1:62G; HA1:142G; HA1:311Q; HA1:131K; HA2:200I; HA1:83E; HA1:94N; HA2:193M; HA1:159N; HA1:160I; HA1:164Q; HA1:186D; HA1:190N; HA1:193S; HA1:195F; HA1:156S"
"A","A/H3N2","G.1.1","HA1:45N; HA1:48I; nuc:473T; HA2:160N; nuc:710A; nuc:1535G; HA1:3I; HA1:144S; HA1:159Y; HA1:160T; nuc:1277A; HA1:121K; HA1:171K; HA2:77V; HA2:155E; HA1:62G; HA1:142G; HA1:311Q; HA1:131K; HA2:200I; HA1:83E; HA1:94N; HA2:193M; HA1:159N; HA1:160I; HA1:164Q; HA1:186D; HA1:190N; HA1:193S; HA1:195F; HA1:156S; HA1:53G; HA1:104G; HA1:276R"
"A","A/H3N2","G.1.1.1","HA1:45N; HA1:48I; nuc:473T; HA2:160N; nuc:710A; nuc:1535G; HA1:3I; HA1:144S; HA1:159Y; HA1:160T; nuc:1277A; HA1:121K; HA1:171K; HA2:77V; HA2:155E; HA1:62G; HA1:142G; HA1:311Q; HA1:131K; HA2:200I; HA1:83E; HA1:94N; HA2:193M; HA1:159N; HA1:160I; HA1:164Q; HA1:186D; HA1:190N; HA1:193S; HA1:195F; HA1:156S; HA1:53G; HA1:104G; HA1:276R; HA1:157I; HA1:262N"
"A","A/H3N2","G.1.1.2","HA1:45N; HA1:48I; nuc:473T; HA2:160N; nuc:710A; nuc:1535G; HA1:3I; HA1:144S; HA1:159Y; HA1:160T; nuc:1277A; HA1:121K; HA1:171K; HA2:77V; HA2:155E; HA1:62G; HA1:142G; HA1:311Q; HA1:131K; HA2:200I; HA1:83E; HA1:94N; HA2:193M; HA1:159N; HA1:160I; HA1:164Q; HA1:186D; HA1:190N; HA1:193S; HA1:195F; HA1:156S; HA1:53G; HA1:104G; HA1:276R; HA1:140K; HA1:299K"
"A","A/H3N2","G.1.2","HA1:45N; HA1:48I; nuc:473T; HA2:160N; nuc:710A; nuc:1535G; HA1:3I; HA1:144S; HA1:159Y; HA1:160T; nuc:1277A; HA1:121K; HA1:171K; HA2:77V; HA2:155E; HA1:62G; HA1:142G; HA1:311Q; HA1:131K; HA2:200I; HA1:83E; HA1:94N; HA2:193M; HA1:159N; HA1:160I; HA1:164Q; HA1:186D; HA1:190N; HA1:193S; HA1:195F; HA1:156S; HA1:53G; HA1:201K; HA1:219Y"
"A","A/H3N2","G.1.3","HA1:45N; HA1:48I; nuc:473T; HA2:160N; nuc:710A; nuc:1535G; HA1:3I; HA1:144S; HA1:159Y; HA1:160T; nuc:1277A; HA1:121K; HA1:171K; HA2:77V; HA2:155E; HA1:62G; HA1:142G; HA1:311Q; HA1:131K; HA2:200I; HA1:83E; HA1:94N; HA2:193M; HA1:159N; HA1:160I; HA1:164Q; HA1:186D; HA1:190N; HA1:193S; HA1:195F; HA1:156S; HA1:53N; HA1:96S; HA1:192F"
"A","A/H3N2","G.1.3.1","HA1:45N; HA1:48I; nuc:473T; HA2:160N; nuc:710A; nuc:1535G; HA1:3I; HA1:144S; HA1:159Y; HA1:160T; nuc:1277A; HA1:121K; HA1:171K; HA2:77V; HA2:155E; HA1:62G; HA1:142G; HA1:311Q; HA1:131K; HA2:200I; HA1:83E; HA1:94N; HA2:193M; HA1:159N; HA1:160I; HA1:164Q; HA1:186D; HA1:190N; HA1:193S; HA1:195F; HA1:156S; HA1:53N; HA1:96S; HA1:192F; HA1:50K"
"A","A/H3N2","G.1.3.2","HA1:45N; HA1:48I; nuc:473T; HA2:160N; nuc:710A; nuc:1535G; HA1:3I; HA1:144S; HA1:159Y; HA1:160T; nuc:1277A; HA1:121K; HA1:171K; HA2:77V; HA2:155E; HA1:62G; HA1:142G; HA1:311Q; HA1:131K; HA2:200I; HA1:83E; HA1:94N; HA2:193M; HA1:159N; HA1:160I; HA1:164Q; HA1:186D; HA1:190N; HA1:193S; HA1:195F; HA1:156S; HA1:53N; HA1:96S; HA1:192F; HA1:140M; nuc:143A"
"A","A/H3N2","G.2","HA1:45N; HA1:48I; nuc:473T; HA2:160N; nuc:710A; nuc:1535G; HA1:3I; HA1:144S; HA1:159Y; HA1:160T; nuc:1277A; HA1:121K; HA1:171K; HA2:77V; HA2:155E; HA1:62G; HA1:142G; HA1:311Q; HA1:131K; HA2:200I; HA1:83E; HA1:94N; HA2:193M; HA1:159N; HA1:160I; HA1:164Q; HA1:186D; HA1:190N; HA1:193S; HA1:195F; HA1:50K; HA1:79V; HA1:140K"
"A","A/H3N2","G.2.1","HA1:45N; HA1:48I; nuc:473T; HA2:160N; nuc:710A; nuc:1535G; HA1:3I; HA1:144S; HA1:159Y; HA1:160T; nuc:1277A; HA1:121K; HA1:171K; HA2:77V; HA2:155E; HA1:62G; HA1:142G; HA1:311Q; HA1:131K; HA2:200I; HA1:83E; HA1:94N; HA2:193M; HA1:159N; HA1:160I; HA1:164Q; HA1:186D; HA1:190N; HA1:193S; HA1:195F; HA1:50K; HA1:79V; HA1:140K; HA1:135A; HA1:262N"
"A","A/H3N2","G.2.2","HA1:45N; HA1:48I; nuc:473T; HA2:160N; nuc:710A; nuc:1535G; HA1:3I; HA1:144S; HA1:159Y; HA1:160T; nuc:1277A; HA1:121K; HA1:171K; HA2:77V; HA2:155E; HA1:62G; HA1:142G; HA1:311Q; HA1:131K; HA2:200I; HA1:83E; HA1:94N; HA2:193M; HA1:159N; HA1:160I; HA1:164Q; HA1:186D; HA1:190N; HA1:193S; HA1:195F; HA1:50K; HA1:79V; HA1:140K; HA1:33Q; HA1:262N"
"A","A/H3N2","G.3","HA1:45N; HA1:48I; nuc:473T; HA2:160N; nuc:710A; nuc:1535G; HA1:3I; HA1:144S; HA1:159Y; HA1:160T; nuc:1277A; HA1:121K; HA1:171K; HA2:77V; HA2:155E; HA1:62G; HA1:142G; HA1:311Q; HA1:131K; HA2:200I; HA1:83E; HA1:94N; HA2:193M; HA1:159N; HA1:160I; HA1:164Q; HA1:186D; HA1:190N; HA1:193S; HA1:195F; HA1:205F; HA1:212T"
"A","A/H3N2","G.4","HA1:45N; HA1:48I; nuc:473T; HA2:160N; nuc:710A; nuc:1535G; HA1:3I; HA1:144S; HA1:159Y; HA1:160T; nuc:1277A; HA1:121K; HA1:171K; HA2:77V; HA2:155E; HA1:62G; HA1:142G; HA1:311Q; HA1:131K; HA2:200I; HA1:83E; HA1:94N; HA2:193M; HA1:159N; HA1:160I; HA1:164Q; HA1:186D; HA1:190N; HA1:193S; HA1:195F; HA1:62R; HA1:156Q; HA1:199P"
"A","A/H3N2","H","HA1:45N; HA1:48I; nuc:473T; HA2:160N; nuc:710A; nuc:1535G; HA1:3I; HA1:144S; HA1:159Y; HA1:160T; nuc:1277A; HA1:121K; HA1:171K; HA2:77V; HA2:155E; HA1:62G; HA1:142G; HA1:311Q; HA1:131K; HA2:200I; HA1:83E; HA1:94N; HA2:193M; HA1:159N; HA1:160I; HA1:164Q; HA1:186D; HA1:190N; HA1:193S; HA1:195F; HA1:156S; HA1:53N; HA1:96S; HA1:192F; HA1:50K; HA1:140K"
"A","A/H3N2","H.1","HA1:45N; HA1:48I; nuc:473T; HA2:160N; nuc:710A; nuc:1535G; HA1:3I; HA1:144S; HA1:159Y; HA1:160T; nuc:1277A; HA1:121K; HA1:171K; HA2:77V; HA2:155E; HA1:62G; HA1:142G; HA1:311Q; HA1:131K; HA2:200I; HA1:83E; HA1:94N; HA2:193M; HA1:159N; HA1:160I; HA1:164Q; HA1:186D; HA1:190N; HA1:193S; HA1:195F; HA1:156S; HA1:53N; HA1:96S; HA1:192F; HA1:50K; HA1:140K; HA1:25V; HA2:18M"
"A","A/H3N2","H.2","HA1:45N; HA1:48I; nuc:473T; HA2:160N; nuc:710A; nuc:1535G; HA1:3I; HA1:144S; HA1:159Y; HA1:160T; nuc:1277A; HA1:121K; HA1:171K; HA2:77V; HA2:155E; HA1:62G; HA1:142G; HA1:311Q; HA1:131K; HA2:200I; HA1:83E; HA1:94N; HA2:193M; HA1:159N; HA1:160I; HA1:164Q; HA1:186D; HA1:190N; HA1:193S; HA1:195F; HA1:156S; HA1:53N; HA1:96S; HA1:192F; HA1:50K; HA1:140K; HA1:276E; HA1:122D"
"A","A/H3N2","H.3","HA1:45N; HA1:48I; nuc:473T; HA2:160N; nuc:710A; nuc:1535G; HA1:3I; HA1:144S; HA1:159Y; HA1:160T; nuc:1277A; HA1:121K; HA1:171K; HA2:77V; HA2:155E; HA1:62G; HA1:142G; HA1:311Q; HA1:131K; HA2:200I; HA1:83E; HA1:94N; HA2:193M; HA1:159N; HA1:160I; HA1:164Q; HA1:186D; HA1:190N; HA1:193S; HA1:195F; HA1:156S; HA1:53N; HA1:96S; HA1:192F; HA1:50K; HA1:140K; HA2:176I"
"A","A/H3N2","H.4","HA1:45N; HA1:48I; nuc:473T; HA2:160N; nuc:710A; nuc:1535G; HA1:3I; HA1:144S; HA1:159Y; HA1:160T; nuc:1277A; HA1:121K; HA1:171K; HA2:77V; HA2:155E; HA1:62G; HA1:142G; HA1:311Q; HA1:131K; HA2:200I; HA1:83E; HA1:94N; HA2:193M; HA1:159N; HA1:160I; HA1:164Q; HA1:186D; HA1:190N; HA1:193S; HA1:195F; HA1:156S; HA1:53N; HA1:96S; HA1:192F; HA1:50K; HA1:140K; HA1:173R; HA1:276E; SigPep:3T"
"A","A/H3N2","J","HA1:45N; HA1:48I; nuc:473T; HA2:160N; nuc:710A; nuc:1535G; HA1:3I; HA1:144S; HA1:159Y; HA1:160T; nuc:1277A; HA1:121K; HA1:171K; HA2:77V; HA2:155E; HA1:62G; HA1:142G; HA1:311Q; HA1:131K; HA2:200I; HA1:83E; HA1:94N; HA2:193M; HA1:159N; HA1:160I; HA1:164Q; HA1:186D; HA1:190N; HA1:193S; HA1:195F; HA1:156S; HA1:53N; HA1:96S; HA1:192F; HA1:50K; HA1:140K"
"A","A/H3N2","J.1","HA1:45N; HA1:48I; nuc:473T; HA2:160N; nuc:710A; nuc:1535G; HA1:3I; HA1:144S; HA1:159Y; HA1:160T; nuc:1277A; HA1:121K; HA1:171K; HA2:77V; HA2:155E; HA1:62G; HA1:142G; HA1:311Q; HA1:131K; HA2:200I; HA1:83E; HA1:94N; HA2:193M; HA1:159N; HA1:160I; HA1:164Q; HA1:186D; HA1:190N; HA1:193S; HA1:195F; HA1:156S; HA1:53N; HA1:96S; HA1:192F; HA1:50K; HA1:140K; HA1:25V; HA2:18M"
"A","A/H3N2","J.1.1","HA1:45N; HA1:48I; nuc:473T; HA2:160N; nuc:710A; nuc:1535G; HA1:3I; HA1:144S; HA1:159Y; HA1:160T; nuc:1277A; HA1:121K; HA1:171K; HA2:77V; HA2:155E; HA1:62G; HA1:142G; HA1:311Q; HA1:131K; HA2:200I; HA1:83E; HA1:94N; HA2:193M; HA1:159N; HA1:160I; HA1:164Q; HA1:186D; HA1:190N; HA1:193S; HA1:195F; HA1:156S; HA1:53N; HA1:96S; HA1:192F; HA1:50K; HA1:140K; HA1:25V; HA2:18M; HA1:145N; HA2:89I"
"A","A/H3N2","J.2","HA1:45N; HA1:48I; nuc:473T; HA2:160N; nuc:710A; nuc:1535G; HA1:3I; HA1:144S; HA1:159Y; HA1:160T; nuc:1277A; HA1:121K; HA1:171K; HA2:77V; HA2:155E; HA1:62G; HA1:142G; HA1:311Q; HA1:131K; HA2:200I; HA1:83E; HA1:94N; HA2:193M; HA1:159N; HA1:160I; HA1:164Q; HA1:186D; HA1:190N; HA1:193S; HA1:195F; HA1:156S; HA1:53N; HA1:96S; HA1:192F; HA1:50K; HA1:140K; HA1:276E; HA1:122D"
"A","A/H3N2","J.2.1","HA1:45N; HA1:48I; nuc:473T; HA2:160N; nuc:710A; nuc:1535G; HA1:3I; HA1:144S; HA1:159Y; HA1:160T; nuc:1277A; HA1:121K; HA1:171K; HA2:77V; HA2:155E; HA1:62G; HA1:142G; HA1:311Q; HA1:131K; HA2:200I; HA1:83E; HA1:94N; HA2:193M; HA1:159N; HA1:160I; HA1:164Q; HA1:186D; HA1:190N; HA1:193S; HA1:195F; HA1:156S; HA1:53N; HA1:96S; HA1:192F; HA1:50K; HA1:140K; HA1:276E; HA1:122D; HA1:79L; HA1:239S"
"A","A/H3N2","J.2.2","HA1:45N; HA1:48I; nuc:473T; HA2:160N; nuc:710A; nuc:1535G; HA1:3I; HA1:144S; HA1:159Y; HA1:160T; nuc:1277A; HA1:121K; HA1:171K; HA2:77V; HA2:155E; HA1:62G; HA1:142G; HA1:311Q; HA1:131K; HA2:200I; HA1:83E; HA1:94N; HA2:193M; HA1:159N; HA1:160I; HA1:164Q; HA1:186D; HA1:190N; HA1:193S; HA1:195F; HA1:156S; HA1:53N; HA1:96S; HA1:192F; HA1:50K; HA1:140K; HA1:276E; HA1:122D; HA1:124N"
"A","A/H3N2","J.2.3","HA1:45N; HA1:48I; nuc:473T; HA2:160N; nuc:710A; nuc:1535G; HA1:3I; HA1:144S; HA1:159Y; HA1:160T; nuc:1277A; HA1:121K; HA1:171K; HA2:77V; HA2:155E; HA1:62G; HA1:142G; HA1:311Q; HA1:131K; HA2:200I; HA1:83E; HA1:94N; HA2:193M; HA1:159N; HA1:160I; HA1:164Q; HA1:186D; HA1:190N; HA1:193S; HA1:195F; HA1:156S; HA1:53N; HA1:96S; HA1:192F; HA1:50K; HA1:140K; HA1:276E; HA1:122D; HA1:189R; HA1:158K; HA2:49N; nuc:539G"
"A","A/H3N2","J.2.4","HA1:45N; HA1:48I; nuc:473T; HA2:160N; nuc:710A; nuc:1535G; HA1:3I; HA1:144S; HA1:159Y; HA1:160T; nuc:1277A; HA1:121K; HA1:171K; HA2:77V; HA2:155E; HA1:62G; HA1:142G; HA1:311Q; HA1:131K; HA2:200I; HA1:83E; HA1:94N; HA2:193M; HA1:159N; HA1:160I; HA1:164Q; HA1:186D; HA1:190N; HA1:193S; HA1:195F; HA1:156S; HA1:53N; HA1:96S; HA1:192F; HA1:50K; HA1:140K; HA1:276E; HA1:122D; HA1:189R; HA1:135K; nuc:469A; nuc:1568A"
"A","A/H3N2","J.2.5","HA1:45N; HA1:48I; nuc:473T; HA2:160N; nuc:710A; nuc:1535G; HA1:3I; HA1:144S; HA1:159Y; HA1:160T; nuc:1277A; HA1:121K; HA1:171K; HA2:77V; HA2:155E; HA1:62G; HA1:142G; HA1:311Q; HA1:131K; HA2:200I; HA1:83E; HA1:94N; HA2:193M; HA1:159N; HA1:160I; HA1:164Q; HA1:186D; HA1:190N; HA1:193S; HA1:195F; HA1:156S; HA1:53N; HA1:96S; HA1:192F; HA1:50K; HA1:140K; HA1:276E; HA1:122D; HA1:104N; HA1:145N; HA1:158K"
"A","A/H3N2","J.3","HA1:45N; HA1:48I; nuc:473T; HA2:160N; nuc:710A; nuc:1535G; HA1:3I; HA1:144S; HA1:159Y; HA1:160T; nuc:1277A; HA1:121K; HA1:171K; HA2:77V; HA2:155E; HA1:62G; HA1:142G; HA1:311Q; HA1:131K; HA2:200I; HA1:83E; HA1:94N; HA2:193M; HA1:159N; HA1:160I; HA1:164Q; HA1:186D; HA1:190N; HA1:193S; HA1:195F; HA1:156S; HA1:53N; HA1:96S; HA1:192F; HA1:50K; HA1:140K; HA2:176I"
"A","A/H3N2","J.4","HA1:45N; HA1:48I; nuc:473T; HA2:160N; nuc:710A; nuc:1535G; HA1:3I; HA1:144S; HA1:159Y; HA1:160T; nuc:1277A; HA1:121K; HA1:171K; HA2:77V; HA2:155E; HA1:62G; HA1:142G; HA1:311Q; HA1:131K; HA2:200I; HA1:83E; HA1:94N; HA2:193M; HA1:159N; HA1:160I; HA1:164Q; HA1:186D; HA1:190N; HA1:193S; HA1:195F; HA1:156S; HA1:53N; HA1:96S; HA1:192F; HA1:50K; HA1:140K; HA1:173R; HA1:276E; SigPep:3T"
"A","A/H3N2","K","HA1:45N; HA1:48I; nuc:473T; HA2:160N; nuc:710A; nuc:1535G; HA1:3I; HA1:144S; HA1:159Y; HA1:160T; nuc:1277A; HA1:121K; HA1:171K; HA2:77V; HA2:155E; HA1:62G; HA1:142G; HA1:311Q; HA1:131K; HA2:200I; HA1:83E; HA1:94N; HA2:193M; HA1:159N; HA1:160I; HA1:164Q; HA1:186D; HA1:190N; HA1:193S; HA1:195F; HA1:156S; HA1:53N; HA1:96S; HA1:192F; HA1:50K; HA1:140K; HA1:276E; HA1:122D; HA1:189R; HA1:135K; nuc:469A; nuc:1568A; HA1:2N; HA1:144N; HA1:158D; HA1:160K; HA1:173R"
"B","B/Victoria","A","nuc:228G; nuc:666C; nuc:1362T; nuc:1843T"
"B","B/Victoria","A.1","nuc:228G; nuc:666C; nuc:1362T; nuc:1843T; HA1:129G; HA1:162'-'; HA1:163'-'; HA1:180V; HA2:151K"
"B","B/Victoria","A.2","nuc:228G; nuc:666C; nuc:1362T; nuc:1843T; HA1:163'-'; HA1:164'-'; HA1:180T; HA1:209N"
"B","B/Victoria","A.3","nuc:228G; nuc:666C; nuc:1362T; nuc:1843T; HA1:136E; HA1:163'-'; HA1:164'-'; nuc:484G"
"B","B/Victoria","A.3.1","nuc:228G; nuc:666C; nuc:1362T; nuc:1843T; HA1:136E; HA1:163'-'; HA1:164'-'; nuc:484G; HA1:150K; HA1:184E; HA1:197D; HA1:279K"
"B","B/Victoria","A.3.1.1","nuc:228G; nuc:666C; nuc:1362T; nuc:1843T; HA1:136E; HA1:163'-'; HA1:164'-'; nuc:484G; HA1:150K; HA1:184E; HA1:197D; HA1:279K; HA1:220M; HA1:241Q"
"B","B/Victoria","A.3.2","nuc:228G; nuc:666C; nuc:1362T; nuc:1843T; HA1:136E; HA1:163'-'; HA1:164'-'; nuc:484G; HA1:133R; nuc:153C"
"B","B/Victoria","A.3.3","nuc:228G; nuc:666C; nuc:1362T; nuc:1843T; HA1:136E; HA1:163'-'; HA1:164'-'; nuc:484G; HA1:75E; HA1:128K; HA1:230N; nuc:153C"
"B","B/Victoria","B","nuc:1056G; nuc:1194G"
"B","B/Victoria","C","nuc:228G; nuc:666C; nuc:1362T; nuc:1843T; HA1:136E; HA1:163'-'; HA1:164'-'; nuc:484G; HA1:150K; HA1:184E; HA1:197D; HA1:279K; HA1:127T; HA1:144L; HA1:203R"
"B","B/Victoria","C.1","nuc:228G; nuc:666C; nuc:1362T; nuc:1843T; HA1:136E; HA1:163'-'; HA1:164'-'; nuc:484G; HA1:150K; HA1:184E; HA1:197D; HA1:279K; HA1:127T; HA1:144L; HA1:203R; HA1:122Q; nuc:1218A"
"B","B/Victoria","C.2","nuc:228G; nuc:666C; nuc:1362T; nuc:1843T; HA1:136E; HA1:163'-'; HA1:164'-'; nuc:484G; HA1:150K; HA1:184E; HA1:197D; HA1:279K; HA1:127T; HA1:144L; HA1:203R; HA1:182A; HA1:197E; HA1:221A; nuc:739G"
"B","B/Victoria","C.3","nuc:228G; nuc:666C; nuc:1362T; nuc:1843T; HA1:136E; HA1:163'-'; HA1:164'-'; nuc:484G; HA1:150K; HA1:184E; HA1:197D; HA1:279K; HA1:127T; HA1:144L; HA1:203R; HA1:128K; HA1:154E; nuc:882G"
"B","B/Victoria","C.3.1","nuc:228G; nuc:666C; nuc:1362T; nuc:1843T; HA1:136E; HA1:163'-'; HA1:164'-'; nuc:484G; HA1:150K; HA1:184E; HA1:197D; HA1:279K; HA1:127T; HA1:144L; HA1:203R; HA1:128K; HA1:154E; nuc:882G; HA1:197N; HA1:208S; nuc:700T; nuc:1605C"
"B","B/Victoria","C.3.2","nuc:228G; nuc:666C; nuc:1362T; nuc:1843T; HA1:136E; HA1:163'-'; HA1:164'-'; nuc:484G; HA1:150K; HA1:184E; HA1:197D; HA1:279K; HA1:127T; HA1:144L; HA1:203R; HA1:128K; HA1:154E; nuc:882G; HA1:208P; HA1:197N; HA1:179H"
"B","B/Victoria","C.3.3","nuc:228G; nuc:666C; nuc:1362T; nuc:1843T; HA1:136E; HA1:163'-'; HA1:164'-'; nuc:484G; HA1:150K; HA1:184E; HA1:197D; HA1:279K; HA1:127T; HA1:144L; HA1:203R; HA1:128K; HA1:154E; nuc:882G; HA1:255P; HA1:197N; HA1:267V"
"B","B/Victoria","C.4","nuc:228G; nuc:666C; nuc:1362T; nuc:1843T; HA1:136E; HA1:163'-'; HA1:164'-'; nuc:484G; HA1:150K; HA1:184E; HA1:197D; HA1:279K; HA1:127T; HA1:144L; HA1:203R; HA1:198G; nuc:48C; nuc:228A"
"B","B/Victoria","C.5","nuc:228G; nuc:666C; nuc:1362T; nuc:1843T; HA1:136E; HA1:163'-'; HA1:164'-'; nuc:484G; HA1:150K; HA1:184E; HA1:197D; HA1:279K; HA1:127T; HA1:144L; HA1:203R; HA1:197E; nuc:351G"
"B","B/Victoria","C.5.1","nuc:228G; nuc:666C; nuc:1362T; nuc:1843T; HA1:136E; HA1:163'-'; HA1:164'-'; nuc:484G; HA1:150K; HA1:184E; HA1:197D; HA1:279K; HA1:127T; HA1:144L; HA1:203R; HA1:197E; nuc:351G; HA1:183K; nuc:1377C"
"B","B/Victoria","C.5.2","nuc:228G; nuc:666C; nuc:1362T; nuc:1843T; HA1:136E; HA1:163'-'; HA1:164'-'; nuc:484G; HA1:150K; HA1:184E; HA1:197D; HA1:279K; HA1:127T; HA1:144L; HA1:203R; HA1:197E; nuc:351G; HA1:200P; nuc:555T"
"B","B/Victoria","C.5.3","nuc:228G; nuc:666C; nuc:1362T; nuc:1843T; HA1:136E; HA1:163'-'; HA1:164'-'; nuc:484G; HA1:150K; HA1:184E; HA1:197D; HA1:279K; HA1:127T; HA1:144L; HA1:203R; HA1:197E; nuc:351G; HA1:87A; HA1:183K; nuc:525G"
"B","B/Victoria","C.5.4","nuc:228G; nuc:666C; nuc:1362T; nuc:1843T; HA1:136E; HA1:163'-'; HA1:164'-'; nuc:484G; HA1:150K; HA1:184E; HA1:197D; HA1:279K; HA1:127T; HA1:144L; HA1:203R; HA1:197E; nuc:351G; HA1:117I; HA1:128K; HA1:154T; HA1:326R"
"B","B/Victoria","C.5.5","nuc:228G; nuc:666C; nuc:1362T; nuc:1843T; HA1:136E; HA1:163'-'; HA1:164'-'; nuc:484G; HA1:150K; HA1:184E; HA1:197D; HA1:279K; HA1:127T; HA1:144L; HA1:203R; HA1:197E; nuc:351G; HA1:184K; HA1:80G; nuc:921A"
"B","B/Victoria","C.5.6","nuc:228G; nuc:666C; nuc:1362T; nuc:1843T; HA1:136E; HA1:163'-'; HA1:164'-'; nuc:484G; HA1:150K; HA1:184E; HA1:197D; HA1:279K; HA1:127T; HA1:144L; HA1:203R; HA1:197E; nuc:351G; HA1:129N; nuc:555T; nuc:435G"
"B","B/Victoria","C.5.6.1","nuc:228G; nuc:666C; nuc:1362T; nuc:1843T; HA1:136E; HA1:163'-'; HA1:164'-'; nuc:484G; HA1:150K; HA1:184E; HA1:197D; HA1:279K; HA1:127T; HA1:144L; HA1:203R; HA1:197E; nuc:351G; HA1:129N; nuc:555T; nuc:435G; HA1:199A; HA1:128D; HA1:37I"
"B","B/Victoria","C.5.7","nuc:228G; nuc:666C; nuc:1362T; nuc:1843T; HA1:136E; HA1:163'-'; HA1:164'-'; nuc:484G; HA1:150K; HA1:184E; HA1:197D; HA1:279K; HA1:127T; HA1:144L; HA1:203R; HA1:197E; nuc:351G; HA1:128G; HA1:183K; nuc:195C"
